name,email,password,phone,address,answer
LoadTestUser1,loadtest1@test.com,password1,11111111,test address 1,green
LoadTestUser2,loadtest2@test.com,password2,11111112,test address 2,blue
LoadTestUser3,loadtest3@test.com,password3,11111113,test address 3,yellow
LoadTestUser4,loadtest4@test.com,password4,11111114,test address 4,orange
LoadTestUser5,loadtest5@test.com,password5,11111115,test address 5,red
LoadTestUser6,loadtest6@test.com,password6,11111116,test address 6,green
LoadTestUser7,loadtest7@test.com,password7,11111117,test address 7,blue
LoadTestUser8,loadtest8@test.com,password8,11111118,test address 8,yellow
LoadTestUser9,loadtest9@test.com,password9,11111119,test address 9,orange
LoadTestUser10,loadtest10@test.com,password10,11111110,test address 10,red
LoadTestUser11,loadtest11@test.com,password11,11111111,test address 11,green
LoadTestUser12,loadtest12@test.com,password12,11111112,test address 12,blue
LoadTestUser13,loadtest13@test.com,password13,11111113,test address 13,yellow
LoadTestUser14,loadtest14@test.com,password14,11111114,test address 14,orange
LoadTestUser15,loadtest15@test.com,password15,11111115,test address 15,red
LoadTestUser16,loadtest16@test.com,password16,11111116,test address 16,green
LoadTestUser17,loadtest17@test.com,password17,11111117,test address 17,blue
LoadTestUser18,loadtest18@test.com,password18,11111118,test address 18,yellow
LoadTestUser19,loadtest19@test.com,password19,11111119,test address 19,orange
LoadTestUser20,loadtest20@test.com,password20,11111120,test address 20,red
LoadTestUser21,loadtest21@test.com,password21,11111121,test address 21,green
LoadTestUser22,loadtest22@test.com,password22,11111122,test address 22,blue
LoadTestUser23,loadtest23@test.com,password23,11111123,test address 23,yellow
LoadTestUser24,loadtest24@test.com,password24,11111124,test address 24,orange
LoadTestUser25,loadtest25@test.com,password25,11111125,test address 25,red
LoadTestUser26,loadtest26@test.com,password26,11111126,test address 26,green
LoadTestUser27,loadtest27@test.com,password27,11111127,test address 27,blue
LoadTestUser28,loadtest28@test.com,password28,11111128,test address 28,yellow
LoadTestUser29,loadtest29@test.com,password29,11111129,test address 29,orange
LoadTestUser30,loadtest30@test.com,password30,11111130,test address 30,red
LoadTestUser31,loadtest31@test.com,password31,11111131,test address 31,green
LoadTestUser32,loadtest32@test.com,password32,11111132,test address 32,blue
LoadTestUser33,loadtest33@test.com,password33,11111133,test address 33,yellow
LoadTestUser34,loadtest34@test.com,password34,11111134,test address 34,orange
LoadTestUser35,loadtest35@test.com,password35,11111135,test address 35,red
LoadTestUser36,loadtest36@test.com,password36,11111136,test address 36,green
LoadTestUser37,loadtest37@test.com,password37,11111137,test address 37,blue
LoadTestUser38,loadtest38@test.com,password38,11111138,test address 38,yellow
LoadTestUser39,loadtest39@test.com,password39,11111139,test address 39,orange
LoadTestUser40,loadtest40@test.com,password40,11111140,test address 40,red
LoadTestUser41,loadtest41@test.com,password41,11111141,test address 41,green
LoadTestUser42,loadtest42@test.com,password42,11111142,test address 42,blue
LoadTestUser43,loadtest43@test.com,password43,11111143,test address 43,yellow
LoadTestUser44,loadtest44@test.com,password44,11111144,test address 44,orange
LoadTestUser45,loadtest45@test.com,password45,11111145,test address 45,red
LoadTestUser46,loadtest46@test.com,password46,11111146,test address 46,green
LoadTestUser47,loadtest47@test.com,password47,11111147,test address 47,blue
LoadTestUser48,loadtest48@test.com,password48,11111148,test address 48,yellow
LoadTestUser49,loadtest49@test.com,password49,11111149,test address 49,orange
LoadTestUser50,loadtest50@test.com,password50,11111150,test address 50,red
LoadTestUser51,loadtest51@test.com,password51,11111151,test address 51,green
LoadTestUser52,loadtest52@test.com,password52,11111152,test address 52,blue
LoadTestUser53,loadtest53@test.com,password53,11111153,test address 53,yellow
LoadTestUser54,loadtest54@test.com,password54,11111154,test address 54,orange
LoadTestUser55,loadtest55@test.com,password55,11111155,test address 55,red
LoadTestUser56,loadtest56@test.com,password56,11111156,test address 56,green
LoadTestUser57,loadtest57@test.com,password57,11111157,test address 57,blue
LoadTestUser58,loadtest58@test.com,password58,11111158,test address 58,yellow
LoadTestUser59,loadtest59@test.com,password59,11111159,test address 59,orange
LoadTestUser60,loadtest60@test.com,password60,11111160,test address 60,red
LoadTestUser61,loadtest61@test.com,password61,11111161,test address 61,green
LoadTestUser62,loadtest62@test.com,password62,11111162,test address 62,blue
LoadTestUser63,loadtest63@test.com,password63,11111163,test address 63,yellow
LoadTestUser64,loadtest64@test.com,password64,11111164,test address 64,orange
LoadTestUser65,loadtest65@test.com,password65,11111165,test address 65,red
LoadTestUser66,loadtest66@test.com,password66,11111166,test address 66,green
LoadTestUser67,loadtest67@test.com,password67,11111167,test address 67,blue
LoadTestUser68,loadtest68@test.com,password68,11111168,test address 68,yellow
LoadTestUser69,loadtest69@test.com,password69,11111169,test address 69,orange
LoadTestUser70,loadtest70@test.com,password70,11111170,test address 70,red
LoadTestUser71,loadtest71@test.com,password71,11111171,test address 71,green
LoadTestUser72,loadtest72@test.com,password72,11111172,test address 72,blue
LoadTestUser73,loadtest73@test.com,password73,11111173,test address 73,yellow
LoadTestUser74,loadtest74@test.com,password74,11111174,test address 74,orange
LoadTestUser75,loadtest75@test.com,password75,11111175,test address 75,red
LoadTestUser76,loadtest76@test.com,password76,11111176,test address 76,green
LoadTestUser77,loadtest77@test.com,password77,11111177,test address 77,blue
LoadTestUser78,loadtest78@test.com,password78,11111178,test address 78,yellow
LoadTestUser79,loadtest79@test.com,password79,11111179,test address 79,orange
LoadTestUser80,loadtest80@test.com,password80,11111180,test address 80,red
LoadTestUser81,loadtest81@test.com,password81,11111181,test address 81,green
LoadTestUser82,loadtest82@test.com,password82,11111182,test address 82,blue
LoadTestUser83,loadtest83@test.com,password83,11111183,test address 83,yellow
LoadTestUser84,loadtest84@test.com,password84,11111184,test address 84,orange
LoadTestUser85,loadtest85@test.com,password85,11111185,test address 85,red
LoadTestUser86,loadtest86@test.com,password86,11111186,test address 86,green
LoadTestUser87,loadtest87@test.com,password87,11111187,test address 87,blue
LoadTestUser88,loadtest88@test.com,password88,11111188,test address 88,yellow
LoadTestUser89,loadtest89@test.com,password89,11111189,test address 89,orange
LoadTestUser90,loadtest90@test.com,password90,11111190,test address 90,red
LoadTestUser91,loadtest91@test.com,password91,11111191,test address 91,green
LoadTestUser92,loadtest92@test.com,password92,11111192,test address 92,blue
LoadTestUser93,loadtest93@test.com,password93,11111193,test address 93,yellow
LoadTestUser94,loadtest94@test.com,password94,11111194,test address 94,orange
LoadTestUser95,loadtest95@test.com,password95,11111195,test address 95,red
LoadTestUser96,loadtest96@test.com,password96,11111196,test address 96,green
LoadTestUser97,loadtest97@test.com,password97,11111197,test address 97,blue
LoadTestUser98,loadtest98@test.com,password98,11111198,test address 98,yellow
LoadTestUser99,loadtest99@test.com,password99,11111199,test address 99,orange
LoadTestUser100,loadtest100@test.com,password100,11111100,test address 100,red
LoadTestUser101,loadtest101@test.com,password101,11111101,test address 101,green
LoadTestUser102,loadtest102@test.com,password102,11111102,test address 102,blue
LoadTestUser103,loadtest103@test.com,password103,11111103,test address 103,yellow
LoadTestUser104,loadtest104@test.com,password104,11111104,test address 104,orange
LoadTestUser105,loadtest105@test.com,password105,11111105,test address 105,red
LoadTestUser106,loadtest106@test.com,password106,11111106,test address 106,green
LoadTestUser107,loadtest107@test.com,password107,11111107,test address 107,blue
LoadTestUser108,loadtest108@test.com,password108,11111108,test address 108,yellow
LoadTestUser109,loadtest109@test.com,password109,11111109,test address 109,orange
LoadTestUser110,loadtest110@test.com,password110,11111110,test address 110,red
LoadTestUser111,loadtest111@test.com,password111,11111111,test address 111,green
LoadTestUser112,loadtest112@test.com,password112,11111112,test address 112,blue
LoadTestUser113,loadtest113@test.com,password113,11111113,test address 113,yellow
LoadTestUser114,loadtest114@test.com,password114,11111114,test address 114,orange
LoadTestUser115,loadtest115@test.com,password115,11111115,test address 115,red
LoadTestUser116,loadtest116@test.com,password116,11111116,test address 116,green
LoadTestUser117,loadtest117@test.com,password117,11111117,test address 117,blue
LoadTestUser118,loadtest118@test.com,password118,11111118,test address 118,yellow
LoadTestUser119,loadtest119@test.com,password119,11111119,test address 119,orange
LoadTestUser120,loadtest120@test.com,password120,11111120,test address 120,red
LoadTestUser121,loadtest121@test.com,password121,11111121,test address 121,green
LoadTestUser122,loadtest122@test.com,password122,11111122,test address 122,blue
LoadTestUser123,loadtest123@test.com,password123,11111123,test address 123,yellow
LoadTestUser124,loadtest124@test.com,password124,11111124,test address 124,orange
LoadTestUser125,loadtest125@test.com,password125,11111125,test address 125,red
LoadTestUser126,loadtest126@test.com,password126,11111126,test address 126,green
LoadTestUser127,loadtest127@test.com,password127,11111127,test address 127,blue
LoadTestUser128,loadtest128@test.com,password128,11111128,test address 128,yellow
LoadTestUser129,loadtest129@test.com,password129,11111129,test address 129,orange
LoadTestUser130,loadtest130@test.com,password130,11111130,test address 130,red
LoadTestUser131,loadtest131@test.com,password131,11111131,test address 131,green
LoadTestUser132,loadtest132@test.com,password132,11111132,test address 132,blue
LoadTestUser133,loadtest133@test.com,password133,11111133,test address 133,yellow
LoadTestUser134,loadtest134@test.com,password134,11111134,test address 134,orange
LoadTestUser135,loadtest135@test.com,password135,11111135,test address 135,red
LoadTestUser136,loadtest136@test.com,password136,11111136,test address 136,green
LoadTestUser137,loadtest137@test.com,password137,11111137,test address 137,blue
LoadTestUser138,loadtest138@test.com,password138,11111138,test address 138,yellow
LoadTestUser139,loadtest139@test.com,password139,11111139,test address 139,orange
LoadTestUser140,loadtest140@test.com,password140,11111140,test address 140,red
LoadTestUser141,loadtest141@test.com,password141,11111141,test address 141,green
LoadTestUser142,loadtest142@test.com,password142,11111142,test address 142,blue
LoadTestUser143,loadtest143@test.com,password143,11111143,test address 143,yellow
LoadTestUser144,loadtest144@test.com,password144,11111144,test address 144,orange
LoadTestUser145,loadtest145@test.com,password145,11111145,test address 145,red
LoadTestUser146,loadtest146@test.com,password146,11111146,test address 146,green
LoadTestUser147,loadtest147@test.com,password147,11111147,test address 147,blue
LoadTestUser148,loadtest148@test.com,password148,11111148,test address 148,yellow
LoadTestUser149,loadtest149@test.com,password149,11111149,test address 149,orange
LoadTestUser150,loadtest150@test.com,password150,11111150,test address 150,red
